index,2025-12-31 00:00:00,2024-12-31 00:00:00,2023-12-31 00:00:00,2022-12-31 00:00:00,statement_type,2021-12-31 00:00:00
Tax Effect Of Unusual Items,-73840025.837012,-69743018.224728,-73211000.0,-83468000.0,financials,
Tax Rate For Calcs,0.194316,0.156025,0.179,0.154,financials,
Normalized EBITDA,20823000000.0,17244000000.0,15422000000.0,13495000000.0,financials,
Total Unusual Items,-380000000.0,-447000000.0,-409000000.0,-542000000.0,financials,
Total Unusual Items Excluding Goodwill,-380000000.0,-447000000.0,-409000000.0,-542000000.0,financials,
Net Income From Continuing Operation Net Minority Interest,14968000000.0,12874000000.0,11195000000.0,9930000000.0,financials,
Reconciled Depreciation,1143000000.0,897000000.0,799000000.0,750000000.0,financials,
Reconciled Cost Of Revenue,7251000000.0,6673000000.0,6022000000.0,5263000000.0,financials,
EBITDA,20443000000.0,16797000000.0,15013000000.0,12953000000.0,financials,
EBIT,19300000000.0,15900000000.0,14214000000.0,12203000000.0,financials,
Net Interest Income,-722000000.0,-646000000.0,-575000000.0,-471000000.0,financials,
Interest Expense,722000000.0,646000000.0,575000000.0,471000000.0,financials,
Normalized Income,15274159974.162989,13251256981.775272,11530789000.0,10388532000.0,financials,
Net Income From Continuing And Discontinued Operation,14968000000.0,12874000000.0,11195000000.0,9930000000.0,financials,
Total Expenses,13277000000.0,11840000000.0,10468000000.0,9515000000.0,financials,
Total Operating Income As Reported,18897000000.0,15582000000.0,14008000000.0,12264000000.0,financials,
Diluted Average Shares,906000000.0,927000000.0,946000000.0,971000000.0,financials,
Basic Average Shares,905000000.0,925000000.0,944000000.0,968000000.0,financials,
Diluted EPS,16.52,13.89,11.83,10.22,financials,
Basic EPS,16.54,13.91,11.86,10.26,financials,
Diluted NI Availto Com Stockholders,14968000000.0,12874000000.0,11195000000.0,9930000000.0,financials,
Net Income Common Stockholders,14968000000.0,12874000000.0,11195000000.0,9930000000.0,financials,
Net Income,14968000000.0,12874000000.0,11195000000.0,9930000000.0,financials,
Net Income Including Noncontrolling Interests,14968000000.0,12874000000.0,11195000000.0,9930000000.0,financials,
Net Income Continuous Operations,14968000000.0,12874000000.0,11195000000.0,9930000000.0,financials,
Tax Provision,3610000000.0,2380000000.0,2444000000.0,1802000000.0,financials,
Pretax Income,18578000000.0,15254000000.0,13639000000.0,11732000000.0,financials,
Other Income Expense,-214000000.0,-427000000.0,-416000000.0,-519000000.0,financials,
Other Non Operating Income Expenses,166000000.0,20000000.0,-7000000.0,23000000.0,financials,
Special Income Charges,-504000000.0,-680000000.0,-539000000.0,-356000000.0,financials,
Other Special Charges,504000000.0,680000000.0,539000000.0,356000000.0,financials,
Gain On Sale Of Security,124000000.0,233000000.0,130000000.0,-186000000.0,financials,
Net Non Operating Interest Income Expense,-722000000.0,-646000000.0,-575000000.0,-471000000.0,financials,
Interest Expense Non Operating,722000000.0,646000000.0,575000000.0,471000000.0,financials,
Operating Income,19514000000.0,16327000000.0,14630000000.0,12722000000.0,financials,
Operating Expense,6026000000.0,5167000000.0,4446000000.0,4252000000.0,financials,
Depreciation Amortization Depletion Income Statement,1143000000.0,897000000.0,799000000.0,750000000.0,financials,
Depreciation And Amortization In Income Statement,1143000000.0,897000000.0,799000000.0,750000000.0,financials,
Selling General And Administration,4883000000.0,4270000000.0,3647000000.0,3502000000.0,financials,
Selling And Marketing Expense,929000000.0,815000000.0,825000000.0,789000000.0,financials,
General And Administrative Expense,3954000000.0,3455000000.0,2822000000.0,2713000000.0,financials,
Other Gand A,3954000000.0,3455000000.0,2822000000.0,2713000000.0,financials,
Gross Profit,25540000000.0,21494000000.0,19076000000.0,16974000000.0,financials,
Cost Of Revenue,7251000000.0,6673000000.0,6022000000.0,5263000000.0,financials,
Total Revenue,32791000000.0,28167000000.0,25098000000.0,22237000000.0,financials,
Operating Revenue,32791000000.0,28167000000.0,25098000000.0,22237000000.0,financials,
Treasury Shares Number,518000000.0,497000000.0,475000000.0,451000000.0,balance_sheet,
Ordinary Shares Number,894037665.0,913400000.0,934000000.0,956000000.0,balance_sheet,
Share Issued,1412037665.0,1410400000.0,1409000000.0,1407000000.0,balance_sheet,
Net Debt,8434000000.0,9784000000.0,7093000000.0,7015000000.0,balance_sheet,
Total Debt,19000000000.0,18226000000.0,15681000000.0,14023000000.0,balance_sheet,
Tangible Book Value,-7377000000.0,-8161000000.0,-4817000000.0,-5083000000.0,balance_sheet,
Invested Capital,26737000000.0,24711000000.0,22610000000.0,20321000000.0,balance_sheet,
Working Capital,796000000.0,504000000.0,2697000000.0,2435000000.0,balance_sheet,
Net Tangible Assets,-7377000000.0,-8161000000.0,-4817000000.0,-5083000000.0,balance_sheet,
Common Stock Equity,7737000000.0,6485000000.0,6929000000.0,6298000000.0,balance_sheet,
Total Capitalization,25988000000.0,23961000000.0,21273000000.0,20047000000.0,balance_sheet,
Total Equity Gross Minority Interest,7746000000.0,6515000000.0,6997000000.0,6377000000.0,balance_sheet,
Minority Interest,9000000.0,30000000.0,68000000.0,79000000.0,balance_sheet,
Stockholders Equity,7737000000.0,6485000000.0,6929000000.0,6298000000.0,balance_sheet,
Gains Losses Not Affecting Retained Earnings,-981000000.0,-1433000000.0,-1099000000.0,-1253000000.0,balance_sheet,
Other Equity Adjustments,-981000000.0,-1433000000.0,-1099000000.0,-1253000000.0,balance_sheet,
Treasury Stock,83224000000.0,71431000000.0,60429000000.0,51354000000.0,balance_sheet,
Retained Earnings,85035000000.0,72907000000.0,62564000000.0,53607000000.0,balance_sheet,
Additional Paid In Capital,6907000000.0,6442000000.0,5893000000.0,5298000000.0,balance_sheet,
Capital Stock,0.0,0.0,0.0,0.0,balance_sheet,
Common Stock,0.0,0.0,0.0,0.0,balance_sheet,
Total Liabilities Net Minority Interest,46411000000.0,41566000000.0,35451000000.0,32347000000.0,balance_sheet,
Total Non Current Liabilities Net Minority Interest,23649000000.0,22346000000.0,19187000000.0,18176000000.0,balance_sheet,
Other Non Current Liabilities,5091000000.0,4553000000.0,4474000000.0,4034000000.0,balance_sheet,
Preferred Securities Outside Stock Equity,,,,,balance_sheet,29000000.0
Non Current Deferred Liabilities,307000000.0,317000000.0,369000000.0,393000000.0,balance_sheet,
Non Current Deferred Taxes Liabilities,307000000.0,317000000.0,369000000.0,393000000.0,balance_sheet,
Long Term Debt And Capital Lease Obligation,18251000000.0,17476000000.0,14344000000.0,13749000000.0,balance_sheet,
Long Term Debt,18251000000.0,17476000000.0,14344000000.0,13749000000.0,balance_sheet,
Current Liabilities,22762000000.0,19220000000.0,16264000000.0,14171000000.0,balance_sheet,
Other Current Liabilities,6942000000.0,6218000000.0,4853000000.0,4076000000.0,balance_sheet,
Current Debt And Capital Lease Obligation,749000000.0,750000000.0,1337000000.0,274000000.0,balance_sheet,
Current Debt,749000000.0,750000000.0,1337000000.0,274000000.0,balance_sheet,
Other Current Borrowings,749000000.0,750000000.0,,,balance_sheet,792000000.0
Payables And Accrued Expenses,15071000000.0,12252000000.0,10074000000.0,9821000000.0,balance_sheet,
Current Accrued Expenses,13158000000.0,10869000000.0,8754000000.0,8616000000.0,balance_sheet,
Payables,1913000000.0,1383000000.0,1320000000.0,1205000000.0,balance_sheet,
Other Payable,,,,,balance_sheet,913000000.0
Total Tax Payable,914000000.0,454000000.0,486000000.0,279000000.0,balance_sheet,
Accounts Payable,999000000.0,929000000.0,834000000.0,926000000.0,balance_sheet,
Total Assets,54157000000.0,48081000000.0,42448000000.0,38724000000.0,balance_sheet,
Total Non Current Assets,30599000000.0,28357000000.0,23487000000.0,22118000000.0,balance_sheet,
Other Non Current Assets,8809000000.0,7350000000.0,5813000000.0,5217000000.0,balance_sheet,
Non Current Deferred Assets,1567000000.0,1614000000.0,1355000000.0,1151000000.0,balance_sheet,
Non Current Deferred Taxes Assets,1567000000.0,1614000000.0,1355000000.0,1151000000.0,balance_sheet,
Non Current Accounts Receivable,1101000000.0,1002000000.0,783000000.0,633000000.0,balance_sheet,
Investments And Advances,1705000000.0,1607000000.0,1729000000.0,1730000000.0,balance_sheet,
Investmentin Financial Assets,1705000000.0,1607000000.0,1729000000.0,1730000000.0,balance_sheet,
Available For Sale Securities,1705000000.0,1607000000.0,1729000000.0,1730000000.0,balance_sheet,
Goodwill And Other Intangible Assets,15114000000.0,14646000000.0,11746000000.0,11381000000.0,balance_sheet,
Other Intangible Assets,5554000000.0,5453000000.0,4086000000.0,3859000000.0,balance_sheet,
Goodwill,9560000000.0,9193000000.0,7660000000.0,7522000000.0,balance_sheet,
Net PPE,2303000000.0,2138000000.0,2061000000.0,2006000000.0,balance_sheet,
Accumulated Depreciation,-2756000000.0,-2393000000.0,-2237000000.0,-1904000000.0,balance_sheet,
Gross PPE,5059000000.0,4531000000.0,4298000000.0,3910000000.0,balance_sheet,
Leases,497000000.0,436000000.0,398000000.0,376000000.0,balance_sheet,
Other Properties,3713000000.0,3285000000.0,3132000000.0,2786000000.0,balance_sheet,
Machinery Furniture Equipment,105000000.0,101000000.0,90000000.0,96000000.0,balance_sheet,
Buildings And Improvements,744000000.0,709000000.0,678000000.0,652000000.0,balance_sheet,
Properties,0.0,0.0,0.0,0.0,balance_sheet,
Current Assets,23558000000.0,19724000000.0,18961000000.0,16606000000.0,balance_sheet,
Other Current Assets,5369000000.0,4813000000.0,3844000000.0,3616000000.0,balance_sheet,
Restricted Cash,2682000000.0,2366000000.0,1877000000.0,2157000000.0,balance_sheet,
Prepaid Assets,,,,34000000.0,balance_sheet,92000000.0
Receivables,4609000000.0,3773000000.0,4060000000.0,3425000000.0,balance_sheet,
Other Receivables,,,,,balance_sheet,1319000000.0
Accounts Receivable,4609000000.0,3773000000.0,4060000000.0,3425000000.0,balance_sheet,
Cash Cash Equivalents And Short Term Investments,10898000000.0,8772000000.0,9180000000.0,7408000000.0,balance_sheet,
Other Short Term Investments,332000000.0,330000000.0,592000000.0,400000000.0,balance_sheet,
Cash And Cash Equivalents,10566000000.0,8442000000.0,8588000000.0,7008000000.0,balance_sheet,
Free Cash Flow,16433000000.0,13586000000.0,10892000000.0,10098000000.0,cashflow,
Repurchase Of Capital Stock,-11727000000.0,-10954000000.0,-9032000000.0,-8753000000.0,cashflow,
Repayment Of Debt,-750000000.0,-1336000000.0,0.0,-724000000.0,cashflow,
Issuance Of Debt,1242000000.0,3960000000.0,1554000000.0,1123000000.0,cashflow,
Capital Expenditure,-1215000000.0,-1194000000.0,-1088000000.0,-1097000000.0,cashflow,
Interest Paid Supplemental Data,680000000.0,571000000.0,477000000.0,414000000.0,cashflow,
Income Tax Paid Supplemental Data,3020000000.0,3252000000.0,2746000000.0,2506000000.0,cashflow,
End Cash Position,13248000000.0,10808000000.0,10465000000.0,9196000000.0,cashflow,
Beginning Cash Position,10808000000.0,10465000000.0,9196000000.0,9902000000.0,cashflow,
Effect Of Exchange Rate Changes,333000000.0,-199000000.0,128000000.0,-103000000.0,cashflow,
Changes In Cash,2107000000.0,542000000.0,1141000000.0,-603000000.0,cashflow,
Financing Cash Flow,-14179000000.0,-10836000000.0,-9488000000.0,-10328000000.0,cashflow,
Cash Flow From Continuing Financing Activities,-14179000000.0,-10836000000.0,-9488000000.0,-10328000000.0,cashflow,
Net Other Financing Charges,-391000000.0,-282000000.0,-89000000.0,-161000000.0,cashflow,
Proceeds From Stock Option Exercised,203000000.0,224000000.0,237000000.0,90000000.0,cashflow,
Cash Dividends Paid,-2756000000.0,-2448000000.0,-2158000000.0,-1903000000.0,cashflow,
Common Stock Dividend Paid,-2756000000.0,-2448000000.0,-2158000000.0,-1903000000.0,cashflow,
Net Common Stock Issuance,-11727000000.0,-10954000000.0,-9032000000.0,-8753000000.0,cashflow,
Common Stock Payments,-11727000000.0,-10954000000.0,-9032000000.0,-8753000000.0,cashflow,
Net Issuance Payments Of Debt,492000000.0,2624000000.0,1554000000.0,399000000.0,cashflow,
Net Long Term Debt Issuance,492000000.0,2624000000.0,1554000000.0,399000000.0,cashflow,
Long Term Debt Payments,-750000000.0,-1336000000.0,0.0,-724000000.0,cashflow,
Long Term Debt Issuance,1242000000.0,3960000000.0,1554000000.0,1123000000.0,cashflow,
Investing Cash Flow,-1362000000.0,-3402000000.0,-1351000000.0,-1470000000.0,cashflow,
Cash Flow From Continuing Investing Activities,-1362000000.0,-3402000000.0,-1351000000.0,-1470000000.0,cashflow,
Net Other Investing Changes,2000000.0,-3000000.0,-6000000.0,-3000000.0,cashflow,
Net Investment Purchase And Sale,-149000000.0,306000000.0,-257000000.0,-57000000.0,cashflow,
Sale Of Investment,719000000.0,964000000.0,479000000.0,537000000.0,cashflow,
Purchase Of Investment,-868000000.0,-658000000.0,-736000000.0,-594000000.0,cashflow,
Net Business Purchase And Sale,0.0,-2511000000.0,0.0,-313000000.0,cashflow,
Purchase Of Business,0.0,-2511000000.0,0.0,-313000000.0,cashflow,
Net PPE Purchase And Sale,-489000000.0,-474000000.0,-371000000.0,-442000000.0,cashflow,
Purchase Of PPE,-489000000.0,-474000000.0,-371000000.0,-442000000.0,cashflow,
Capital Expenditure Reported,-726000000.0,-720000000.0,-717000000.0,-655000000.0,cashflow,
Operating Cash Flow,17648000000.0,14780000000.0,11980000000.0,11195000000.0,cashflow,
Cash Flow From Continuing Operating Activities,17648000000.0,14780000000.0,11980000000.0,11195000000.0,cashflow,
Change In Working Capital,-1442000000.0,-1040000000.0,-1943000000.0,-904000000.0,cashflow,
Change In Other Working Capital,834000000.0,131000000.0,922000000.0,-6000000.0,cashflow,
Change In Other Current Liabilities,89000000.0,922000000.0,282000000.0,201000000.0,cashflow,
Change In Other Current Assets,202000000.0,-593000000.0,40000000.0,48000000.0,cashflow,
Change In Payables And Accrued Expense,1554000000.0,1704000000.0,-32000000.0,1497000000.0,cashflow,
Change In Accrued Expense,1694000000.0,1792000000.0,196000000.0,1428000000.0,cashflow,
Change In Payable,-140000000.0,-88000000.0,-228000000.0,69000000.0,cashflow,
Change In Account Payable,45000000.0,75000000.0,-99000000.0,190000000.0,cashflow,
Change In Tax Payable,-185000000.0,-163000000.0,-129000000.0,-121000000.0,cashflow,
Change In Income Tax Payable,-185000000.0,-163000000.0,-129000000.0,-121000000.0,cashflow,
Change In Prepaid Assets,-3388000000.0,-3225000000.0,-2438000000.0,-2175000000.0,cashflow,
Change In Receivables,-733000000.0,21000000.0,-717000000.0,-469000000.0,cashflow,
Changes In Account Receivables,-642000000.0,186000000.0,-546000000.0,-481000000.0,cashflow,
Other Non Cash Items,2237000000.0,2021000000.0,1644000000.0,1630000000.0,cashflow,
Stock Based Compensation,597000000.0,526000000.0,460000000.0,295000000.0,cashflow,
Deferred Tax,57000000.0,-527000000.0,-236000000.0,-651000000.0,cashflow,
Deferred Income Tax,57000000.0,-527000000.0,-236000000.0,-651000000.0,cashflow,
Depreciation Amortization Depletion,1143000000.0,897000000.0,799000000.0,750000000.0,cashflow,
Depreciation And Amortization,1143000000.0,897000000.0,799000000.0,750000000.0,cashflow,
Operating Gains Losses,88000000.0,29000000.0,61000000.0,145000000.0,cashflow,
Gain Loss On Investment Securities,88000000.0,29000000.0,61000000.0,145000000.0,cashflow,
Net Income From Continuing Operations,14968000000.0,12874000000.0,11195000000.0,9930000000.0,cashflow,
