index,2025-12-31 00:00:00,2024-12-31 00:00:00,2023-12-31 00:00:00,2022-12-31 00:00:00,2021-12-31 00:00:00,statement_type
Tax Effect Of Unusual Items,-133380000.0,-136800000.0,0.0,-14080000.0,,financials
Tax Rate For Calcs,0.27,0.2,0.21,0.08,,financials
Normalized EBITDA,12258000000.0,15392000000.0,14796000000.0,17833000000.0,,financials
Total Unusual Items,-494000000.0,-684000000.0,0.0,-176000000.0,,financials
Total Unusual Items Excluding Goodwill,-494000000.0,-684000000.0,0.0,-176000000.0,,financials
Net Income From Continuing Operation Net Minority Interest,3794000000.0,7130000000.0,14999000000.0,12583000000.0,,financials
Reconciled Depreciation,6148000000.0,5368000000.0,4667000000.0,3747000000.0,,financials
Reconciled Cost Of Revenue,77733000000.0,80240000000.0,79113000000.0,60609000000.0,,financials
EBITDA,11764000000.0,14708000000.0,14796000000.0,17657000000.0,,financials
EBIT,5616000000.0,9340000000.0,10129000000.0,13910000000.0,,financials
Net Interest Income,1342000000.0,1219000000.0,910000000.0,106000000.0,,financials
Interest Expense,338000000.0,350000000.0,156000000.0,191000000.0,,financials
Interest Income,1680000000.0,1569000000.0,1066000000.0,297000000.0,,financials
Normalized Income,4154620000.0,7677200000.0,14999000000.0,12744920000.0,,financials
Net Income From Continuing And Discontinued Operation,3794000000.0,7130000000.0,14999000000.0,12583000000.0,,financials
Total Expenses,89978000000.0,89930000000.0,87882000000.0,67630000000.0,,financials
Rent Expense Supplemental,,1003000000.0,1268000000.0,1509000000.0,978000000.0,financials
Total Operating Income As Reported,4355000000.0,7076000000.0,8891000000.0,13656000000.0,,financials
Diluted Average Shares,3526250000.0,3216000000.0,3482750000.0,3475000000.0,,financials
Basic Average Shares,3224750000.0,3216000000.0,3173500000.0,3130000000.0,,financials
Diluted EPS,1.08,2.04,4.31,3.62,,financials
Basic EPS,1.176525,2.23,4.725697,4.02,,financials
Diluted NI Availto Com Stockholders,3794000000.0,7130000000.0,14999000000.0,12584000000.0,,financials
Average Dilution Earnings,,0.0,0.0,1000000.0,9000000.0,financials
Net Income Common Stockholders,3794000000.0,7130000000.0,14999000000.0,12583000000.0,,financials
Otherunder Preferred Stock Dividend,,,,,-5000000.0,financials
Net Income,3794000000.0,7130000000.0,14999000000.0,12583000000.0,,financials
Minority Interests,-61000000.0,-23000000.0,25000000.0,-4000000.0,,financials
Net Income Including Noncontrolling Interests,3855000000.0,7153000000.0,14974000000.0,12587000000.0,,financials
Net Income Continuous Operations,3855000000.0,7153000000.0,14974000000.0,12587000000.0,,financials
Tax Provision,1423000000.0,1837000000.0,-5001000000.0,1132000000.0,,financials
Pretax Income,5278000000.0,8990000000.0,9973000000.0,13719000000.0,,financials
Other Income Expense,-913000000.0,11000000.0,172000000.0,-219000000.0,,financials
Other Non Operating Income Expenses,-419000000.0,695000000.0,172000000.0,-43000000.0,,financials
Special Income Charges,-494000000.0,-684000000.0,0.0,-176000000.0,,financials
Restructuring And Mergern Acquisition,494000000.0,684000000.0,0.0,176000000.0,,financials
Net Non Operating Interest Income Expense,1342000000.0,1219000000.0,910000000.0,106000000.0,,financials
Interest Expense Non Operating,338000000.0,350000000.0,156000000.0,191000000.0,,financials
Interest Income Non Operating,1680000000.0,1569000000.0,1066000000.0,297000000.0,,financials
Operating Income,4849000000.0,7760000000.0,8891000000.0,13832000000.0,,financials
Operating Expense,12245000000.0,9690000000.0,8769000000.0,7021000000.0,,financials
Research And Development,6411000000.0,4540000000.0,3969000000.0,3075000000.0,,financials
Selling General And Administration,5834000000.0,5150000000.0,4800000000.0,3946000000.0,,financials
Gross Profit,17094000000.0,17450000000.0,17660000000.0,20853000000.0,,financials
Cost Of Revenue,77733000000.0,80240000000.0,79113000000.0,60609000000.0,,financials
Total Revenue,94827000000.0,97690000000.0,96773000000.0,81462000000.0,,financials
Operating Revenue,94827000000.0,97690000000.0,96773000000.0,81462000000.0,,financials
Treasury Shares Number,,,0.0,,,balance_sheet
Ordinary Shares Number,3751000000.0,3216000000.0,3185000000.0,3164000000.0,,balance_sheet
Share Issued,3751000000.0,3216000000.0,3185000000.0,3164000000.0,,balance_sheet
Total Debt,14719000000.0,13623000000.0,9573000000.0,5748000000.0,,balance_sheet
Tangible Book Value,80748000000.0,71443000000.0,62019000000.0,44111000000.0,,balance_sheet
Invested Capital,90290000000.0,80791000000.0,67291000000.0,46749000000.0,,balance_sheet
Working Capital,36928000000.0,29539000000.0,20868000000.0,14208000000.0,,balance_sheet
Net Tangible Assets,80748000000.0,71443000000.0,62019000000.0,44111000000.0,,balance_sheet
Capital Lease Obligations,6566000000.0,5745000000.0,4916000000.0,3703000000.0,,balance_sheet
Common Stock Equity,82137000000.0,72913000000.0,62634000000.0,44704000000.0,,balance_sheet
Total Capitalization,88721000000.0,78448000000.0,65316000000.0,45733000000.0,,balance_sheet
Total Equity Gross Minority Interest,82865000000.0,73680000000.0,63609000000.0,45898000000.0,,balance_sheet
Minority Interest,728000000.0,767000000.0,975000000.0,1194000000.0,,balance_sheet
Stockholders Equity,82137000000.0,72913000000.0,62634000000.0,44704000000.0,,balance_sheet
Gains Losses Not Affecting Retained Earnings,361000000.0,-670000000.0,-143000000.0,-361000000.0,,balance_sheet
Other Equity Adjustments,361000000.0,-670000000.0,-143000000.0,-361000000.0,,balance_sheet
Retained Earnings,39003000000.0,35209000000.0,27882000000.0,12885000000.0,,balance_sheet
Additional Paid In Capital,42770000000.0,38371000000.0,34892000000.0,32177000000.0,,balance_sheet
Capital Stock,3000000.0,3000000.0,3000000.0,3000000.0,,balance_sheet
Common Stock,3000000.0,3000000.0,3000000.0,3000000.0,,balance_sheet
Preferred Stock,0.0,0.0,0.0,0.0,,balance_sheet
Total Liabilities Net Minority Interest,54941000000.0,48390000000.0,43009000000.0,36440000000.0,,balance_sheet
Total Non Current Liabilities Net Minority Interest,23227000000.0,19569000000.0,14261000000.0,9731000000.0,,balance_sheet
Other Non Current Liabilities,1339000000.0,1093000000.0,876000000.0,686000000.0,,balance_sheet
Preferred Securities Outside Stock Equity,,,,,568000000.0,balance_sheet
Non Current Accrued Expenses,,,3606000000.0,2480000000.0,1398000000.0,balance_sheet
Non Current Deferred Liabilities,3631000000.0,3317000000.0,3251000000.0,2804000000.0,,balance_sheet
Non Current Deferred Revenue,3631000000.0,3317000000.0,3251000000.0,2804000000.0,,balance_sheet
Non Current Deferred Taxes Liabilities,,,,82000000.0,24000000.0,balance_sheet
Long Term Debt And Capital Lease Obligation,12125000000.0,10360000000.0,6528000000.0,3761000000.0,,balance_sheet
Long Term Capital Lease Obligation,5541000000.0,4825000000.0,3846000000.0,2732000000.0,,balance_sheet
Long Term Debt,6584000000.0,5535000000.0,2682000000.0,1029000000.0,,balance_sheet
Long Term Provisions,6132000000.0,4799000000.0,3606000000.0,2480000000.0,,balance_sheet
Current Liabilities,31714000000.0,28821000000.0,28748000000.0,26709000000.0,,balance_sheet
Other Current Liabilities,1932000000.0,1549000000.0,517000000.0,354000000.0,,balance_sheet
Current Deferred Liabilities,4735000000.0,4161000000.0,3740000000.0,2810000000.0,,balance_sheet
Current Deferred Revenue,4735000000.0,4161000000.0,3740000000.0,2810000000.0,,balance_sheet
Current Debt And Capital Lease Obligation,2594000000.0,3263000000.0,3045000000.0,1987000000.0,,balance_sheet
Current Capital Lease Obligation,1025000000.0,920000000.0,1070000000.0,971000000.0,,balance_sheet
Current Debt,1569000000.0,2343000000.0,1975000000.0,1016000000.0,,balance_sheet
Other Current Borrowings,1569000000.0,2343000000.0,1975000000.0,1016000000.0,,balance_sheet
Line Of Credit,0.0,0.0,0.0,0.0,,balance_sheet
Current Provisions,3004000000.0,2222000000.0,1765000000.0,1295000000.0,,balance_sheet
Payables And Accrued Expenses,19449000000.0,17626000000.0,19681000000.0,20263000000.0,,balance_sheet
Current Accrued Expenses,4484000000.0,3785000000.0,4046000000.0,3773000000.0,,balance_sheet
Interest Payable,,,,,16000000.0,balance_sheet
Payables,14965000000.0,13841000000.0,15635000000.0,16490000000.0,,balance_sheet
Total Tax Payable,1594000000.0,1367000000.0,1204000000.0,1235000000.0,,balance_sheet
Accounts Payable,13371000000.0,12474000000.0,14431000000.0,15255000000.0,,balance_sheet
Total Assets,137806000000.0,122070000000.0,106618000000.0,82338000000.0,,balance_sheet
Total Non Current Assets,69158000000.0,63715000000.0,57003000000.0,41421000000.0,,balance_sheet
Other Non Current Assets,4664000000.0,4215000000.0,4531000000.0,3865000000.0,,balance_sheet
Non Current Deferred Assets,6925000000.0,6524000000.0,6733000000.0,328000000.0,,balance_sheet
Non Current Deferred Taxes Assets,6925000000.0,6524000000.0,6733000000.0,328000000.0,,balance_sheet
Goodwill And Other Intangible Assets,1389000000.0,1470000000.0,615000000.0,593000000.0,,balance_sheet
Other Intangible Assets,1132000000.0,1226000000.0,362000000.0,399000000.0,,balance_sheet
Goodwill,257000000.0,244000000.0,253000000.0,194000000.0,,balance_sheet
Net PPE,56180000000.0,51506000000.0,45124000000.0,36635000000.0,,balance_sheet
Accumulated Depreciation,-23443000000.0,-18898000000.0,-15077000000.0,-11499000000.0,,balance_sheet
Gross PPE,79623000000.0,70404000000.0,60201000000.0,48134000000.0,,balance_sheet
Leases,4439000000.0,3688000000.0,3136000000.0,2366000000.0,,balance_sheet
Construction In Progress,8786000000.0,6783000000.0,5791000000.0,4281000000.0,,balance_sheet
Other Properties,17711000000.0,14195000000.0,8819000000.0,5142000000.0,,balance_sheet
Machinery Furniture Equipment,30190000000.0,28271000000.0,26087000000.0,21705000000.0,,balance_sheet
Land And Improvements,11837000000.0,10677000000.0,9498000000.0,7751000000.0,,balance_sheet
Properties,6660000000.0,6790000000.0,6870000000.0,6889000000.0,,balance_sheet
Current Assets,68642000000.0,58360000000.0,49616000000.0,40917000000.0,,balance_sheet
Other Current Assets,7615000000.0,5362000000.0,3388000000.0,2941000000.0,,balance_sheet
Prepaid Assets,,,,,1723000000.0,balance_sheet
Inventory,12392000000.0,12017000000.0,13626000000.0,12839000000.0,,balance_sheet
Other Inventories,1296000000.0,1303000000.0,1171000000.0,842000000.0,,balance_sheet
Finished Goods,4849000000.0,3940000000.0,5049000000.0,3475000000.0,,balance_sheet
Work In Process,1725000000.0,1532000000.0,2016000000.0,2385000000.0,,balance_sheet
Raw Materials,4522000000.0,5242000000.0,5390000000.0,6137000000.0,,balance_sheet
Receivables,4576000000.0,4418000000.0,3508000000.0,2952000000.0,,balance_sheet
Accounts Receivable,4576000000.0,4418000000.0,3508000000.0,2952000000.0,,balance_sheet
Cash Cash Equivalents And Short Term Investments,44059000000.0,36563000000.0,29094000000.0,22185000000.0,,balance_sheet
Other Short Term Investments,27546000000.0,20424000000.0,12696000000.0,5932000000.0,,balance_sheet
Cash And Cash Equivalents,16513000000.0,16139000000.0,16398000000.0,16253000000.0,,balance_sheet
Cash Equivalents,1890000000.0,1753000000.0,495000000.0,2288000000.0,,balance_sheet
Cash Financial,14623000000.0,14386000000.0,15903000000.0,13965000000.0,,balance_sheet
Free Cash Flow,6220000000.0,3581000000.0,4357000000.0,7552000000.0,,cashflow
Repayment Of Debt,-5650000000.0,-2881000000.0,-1815000000.0,-3866000000.0,,cashflow
Issuance Of Debt,5586000000.0,5744000000.0,3931000000.0,0.0,,cashflow
Issuance Of Capital Stock,,,,0.0,0.0,cashflow
Capital Expenditure,-8527000000.0,-11342000000.0,-8899000000.0,-7172000000.0,,cashflow
Interest Paid Supplemental Data,292000000.0,277000000.0,126000000.0,152000000.0,,cashflow
Income Tax Paid Supplemental Data,,1331000000.0,1119000000.0,1203000000.0,561000000.0,cashflow
End Cash Position,17616000000.0,17037000000.0,17189000000.0,16924000000.0,,cashflow
Beginning Cash Position,17037000000.0,17189000000.0,16924000000.0,18144000000.0,,cashflow
Effect Of Exchange Rate Changes,171000000.0,-141000000.0,4000000.0,-444000000.0,,cashflow
Changes In Cash,408000000.0,-11000000.0,261000000.0,-776000000.0,,cashflow
Financing Cash Flow,1139000000.0,3853000000.0,2589000000.0,-3527000000.0,,cashflow
Cash Flow From Continuing Financing Activities,1139000000.0,3853000000.0,2589000000.0,-3527000000.0,,cashflow
Net Other Financing Charges,17000000.0,-251000000.0,-227000000.0,-202000000.0,,cashflow
Proceeds From Stock Option Exercised,1186000000.0,1241000000.0,700000000.0,541000000.0,,cashflow
Net Common Stock Issuance,,,,0.0,0.0,cashflow
Common Stock Issuance,,,,0.0,0.0,cashflow
Net Issuance Payments Of Debt,-64000000.0,2863000000.0,2116000000.0,-3866000000.0,,cashflow
Net Long Term Debt Issuance,-64000000.0,2863000000.0,2116000000.0,-3866000000.0,,cashflow
Long Term Debt Payments,-5650000000.0,-2881000000.0,-1815000000.0,-3866000000.0,,cashflow
Long Term Debt Issuance,5586000000.0,5744000000.0,3931000000.0,0.0,,cashflow
Investing Cash Flow,-15478000000.0,-18787000000.0,-15584000000.0,-11973000000.0,,cashflow
Cash Flow From Continuing Investing Activities,-15478000000.0,-18787000000.0,-15584000000.0,-11973000000.0,,cashflow
Net Other Investing Changes,,,,76000000.0,6000000.0,cashflow
Net Investment Purchase And Sale,-6951000000.0,-7445000000.0,-6621000000.0,-5813000000.0,,cashflow
Sale Of Investment,30158000000.0,28510000000.0,12491000000.0,22000000.0,,cashflow
Purchase Of Investment,-37109000000.0,-35955000000.0,-19112000000.0,-5835000000.0,,cashflow
Net Business Purchase And Sale,0.0,0.0,-64000000.0,0.0,,cashflow
Sale Of Business,,,,0.0,0.0,cashflow
Purchase Of Business,0.0,0.0,-64000000.0,0.0,,cashflow
Net Intangibles Purchase And Sale,,0.0,0.0,927000000.0,-1228000000.0,cashflow
Sale Of Intangibles,,0.0,0.0,936000000.0,272000000.0,cashflow
Purchase Of Intangibles,,0.0,0.0,-9000000.0,-1500000000.0,cashflow
Net PPE Purchase And Sale,-8527000000.0,-11342000000.0,-8899000000.0,-7163000000.0,,cashflow
Purchase Of PPE,-8527000000.0,-11342000000.0,-8899000000.0,-7163000000.0,,cashflow
Operating Cash Flow,14747000000.0,14923000000.0,13256000000.0,14724000000.0,,cashflow
Cash Flow From Continuing Operating Activities,14747000000.0,14923000000.0,13256000000.0,14724000000.0,,cashflow
Change In Working Capital,642000000.0,81000000.0,-2248000000.0,-3712000000.0,,cashflow
Change In Other Working Capital,363000000.0,502000000.0,1532000000.0,1131000000.0,,cashflow
Change In Other Current Liabilities,,,,1904000000.0,476000000.0,cashflow
Change In Other Current Assets,-25000000.0,-590000000.0,-1952000000.0,-1570000000.0,,cashflow
Change In Payables And Accrued Expense,4376000000.0,3588000000.0,2605000000.0,8029000000.0,,cashflow
Change In Payable,4376000000.0,3588000000.0,2605000000.0,8029000000.0,,cashflow
Change In Account Payable,4376000000.0,3588000000.0,2605000000.0,8029000000.0,,cashflow
Change In Prepaid Assets,-3181000000.0,-3273000000.0,-2652000000.0,-3713000000.0,,cashflow
Change In Inventory,-630000000.0,937000000.0,-1195000000.0,-6465000000.0,,cashflow
Change In Receivables,-261000000.0,-1083000000.0,-586000000.0,-1124000000.0,,cashflow
Changes In Account Receivables,-261000000.0,-1083000000.0,-586000000.0,-1124000000.0,,cashflow
Other Non Cash Items,272000000.0,172000000.0,81000000.0,340000000.0,,cashflow
Stock Based Compensation,2825000000.0,1999000000.0,1812000000.0,1560000000.0,,cashflow
Asset Impairment Charge,362000000.0,335000000.0,463000000.0,177000000.0,,cashflow
Deferred Tax,123000000.0,477000000.0,-6349000000.0,-196000000.0,,cashflow
Deferred Income Tax,123000000.0,477000000.0,-6349000000.0,-196000000.0,,cashflow
Depreciation Amortization Depletion,6148000000.0,5368000000.0,4667000000.0,3747000000.0,,cashflow
Depreciation And Amortization,6148000000.0,5368000000.0,4667000000.0,3747000000.0,,cashflow
Depreciation,6148000000.0,5368000000.0,4667000000.0,3747000000.0,,cashflow
Operating Gains Losses,520000000.0,-662000000.0,-144000000.0,221000000.0,,cashflow
Net Foreign Currency Exchange Gain Loss,452000000.0,-73000000.0,-144000000.0,81000000.0,,cashflow
Gain Loss On Sale Of PPE,68000000.0,-589000000.0,0.0,140000000.0,,cashflow
Net Income From Continuing Operations,3855000000.0,7153000000.0,14974000000.0,12587000000.0,,cashflow
