index,2025-09-30 00:00:00,2024-09-30 00:00:00,2023-09-30 00:00:00,2022-09-30 00:00:00,statement_type,2021-09-30 00:00:00
Tax Effect Of Unusual Items,-303096966.189964,87242849.974912,-44034000.0,-176225000.0,financials,
Tax Rate For Calcs,0.170951,0.174486,0.179,0.175,financials,
Normalized EBITDA,27776000000.0,25091000000.0,22870000000.0,20542000000.0,financials,
Total Unusual Items,-1773000000.0,500000000.0,-246000000.0,-1007000000.0,financials,
Total Unusual Items Excluding Goodwill,-1773000000.0,500000000.0,-246000000.0,-1007000000.0,financials,
Net Income From Continuing Operation Net Minority Interest,20058000000.0,19743000000.0,17273000000.0,14957000000.0,financials,
Reconciled Depreciation,1220000000.0,1034000000.0,943000000.0,861000000.0,financials,
Reconciled Cost Of Revenue,7855000000.0,7042000000.0,6567000000.0,5733000000.0,financials,
EBITDA,26003000000.0,25591000000.0,22624000000.0,19535000000.0,financials,
Net Interest Income,-589000000.0,-641000000.0,-644000000.0,-538000000.0,financials,
Interest Expense,589000000.0,641000000.0,644000000.0,538000000.0,financials,
Normalized Income,21527903033.810036,19330242849.97491,17474966000.0,15787775000.0,financials,
Net Income From Continuing And Discontinued Operation,20058000000.0,19743000000.0,17273000000.0,14957000000.0,financials,
Total Expenses,13444000000.0,11869000000.0,10726000000.0,9629000000.0,financials,
Total Operating Income As Reported,23994000000.0,23595000000.0,21000000000.0,18813000000.0,financials,
Diluted Average Shares,2194000000.0,2399000000.0,2507000000.0,2558000000.0,financials,
Basic Average Shares,1942000000.0,1991000000.0,2040000000.0,2073000000.0,financials,
Diluted EPS,10.2,9.73,8.28,7.0,financials,
Basic EPS,10.22,9.74,8.29,7.01,financials,
Diluted NI Availto Com Stockholders,19853000000.0,19457000000.0,16989000000.0,14630000000.0,financials,
Net Income Common Stockholders,19853000000.0,19457000000.0,16989000000.0,14630000000.0,financials,
Otherunder Preferred Stock Dividend,205000000.0,286000000.0,284000000.0,327000000.0,financials,
Net Income,20058000000.0,19743000000.0,17273000000.0,14957000000.0,financials,
Net Income Including Noncontrolling Interests,20058000000.0,19743000000.0,17273000000.0,14957000000.0,financials,
Net Income Continuous Operations,20058000000.0,19743000000.0,17273000000.0,14957000000.0,financials,
Tax Provision,4136000000.0,4173000000.0,3764000000.0,3179000000.0,financials,
Pretax Income,24194000000.0,23916000000.0,21037000000.0,18136000000.0,financials,
Other Income Expense,-1773000000.0,500000000.0,-246000000.0,-1007000000.0,financials,
Special Income Charges,-2562000000.0,-462000000.0,-927000000.0,-868000000.0,financials,
Other Special Charges,2562000000.0,462000000.0,927000000.0,868000000.0,financials,
Gain On Sale Of Security,789000000.0,962000000.0,681000000.0,-139000000.0,financials,
Net Non Operating Interest Income Expense,-589000000.0,-641000000.0,-644000000.0,-538000000.0,financials,
Interest Expense Non Operating,589000000.0,641000000.0,644000000.0,538000000.0,financials,
Operating Income,26556000000.0,24057000000.0,21927000000.0,19681000000.0,financials,
Operating Expense,5589000000.0,4827000000.0,4159000000.0,3896000000.0,financials,
Depreciation Amortization Depletion Income Statement,1220000000.0,1034000000.0,943000000.0,861000000.0,financials,
Depreciation And Amortization In Income Statement,1220000000.0,1034000000.0,943000000.0,861000000.0,financials,
Selling General And Administration,4369000000.0,3793000000.0,3216000000.0,3035000000.0,financials,
Selling And Marketing Expense,1684000000.0,1560000000.0,1341000000.0,1336000000.0,financials,
General And Administrative Expense,2685000000.0,2233000000.0,1875000000.0,1699000000.0,financials,
Other Gand A,2685000000.0,2233000000.0,1875000000.0,1699000000.0,financials,
Gross Profit,32145000000.0,28884000000.0,26086000000.0,23577000000.0,financials,
Cost Of Revenue,7855000000.0,7042000000.0,6567000000.0,5733000000.0,financials,
Total Revenue,40000000000.0,35926000000.0,32653000000.0,29310000000.0,financials,
Operating Revenue,51698000000.0,46493000000.0,42471000000.0,37614000000.0,financials,
Ordinary Shares Number,1933259368.0,1980512564.0,2031761500.0,2086435000.0,balance_sheet,
Share Issued,1933259368.0,1980512564.0,2031761500.0,2086435000.0,balance_sheet,
Net Debt,8007000000.0,8861000000.0,4177000000.0,6761000000.0,balance_sheet,
Total Debt,25171000000.0,20836000000.0,20463000000.0,22450000000.0,balance_sheet,
Tangible Book Value,-10361000000.0,-7724000000.0,-7066000000.0,-9595000000.0,balance_sheet,
Invested Capital,62335000000.0,58942000000.0,57498000000.0,55707000000.0,balance_sheet,
Working Capital,2718000000.0,7516000000.0,10434000000.0,9352000000.0,balance_sheet,
Net Tangible Assets,-9616000000.0,-6693000000.0,-5368000000.0,-7271000000.0,balance_sheet,
Common Stock Equity,37164000000.0,38106000000.0,37035000000.0,33257000000.0,balance_sheet,
Preferred Stock Equity,745000000.0,1031000000.0,1698000000.0,2324000000.0,balance_sheet,
Total Capitalization,57511000000.0,59973000000.0,59196000000.0,55781000000.0,balance_sheet,
Total Equity Gross Minority Interest,37909000000.0,39137000000.0,38733000000.0,35581000000.0,balance_sheet,
Stockholders Equity,37909000000.0,39137000000.0,38733000000.0,35581000000.0,balance_sheet,
Other Equity Interest,-124000000.0,-104000000.0,-140000000.0,-35000000.0,balance_sheet,
Gains Losses Not Affecting Retained Earnings,248000000.0,-308000000.0,-1317000000.0,-2369000000.0,balance_sheet,
Other Equity Adjustments,-307000000.0,-213000000.0,-177000000.0,418000000.0,balance_sheet,
Foreign Currency Translation Adjustments,575000000.0,-109000000.0,-921000000.0,-2512000000.0,balance_sheet,
Minimum Pension Liabilities,-32000000.0,-16000000.0,-155000000.0,-169000000.0,balance_sheet,
Unrealized Gain Loss,12000000.0,30000000.0,-64000000.0,-106000000.0,balance_sheet,
Retained Earnings,15106000000.0,17289000000.0,18040000000.0,16116000000.0,balance_sheet,
Additional Paid In Capital,21934000000.0,21229000000.0,20452000000.0,19545000000.0,balance_sheet,
Capital Stock,745000000.0,1031000000.0,1698000000.0,2324000000.0,balance_sheet,
Common Stock,0.0,0.0,0.0,0.0,balance_sheet,
Preferred Stock,745000000.0,1031000000.0,1698000000.0,2324000000.0,balance_sheet,
Total Liabilities Net Minority Interest,61718000000.0,55374000000.0,51766000000.0,49920000000.0,balance_sheet,
Total Non Current Liabilities Net Minority Interest,26670000000.0,28857000000.0,28668000000.0,29067000000.0,balance_sheet,
Other Non Current Liabilities,1519000000.0,2720000000.0,3091000000.0,3535000000.0,balance_sheet,
Non Current Deferred Liabilities,5549000000.0,5301000000.0,5114000000.0,5332000000.0,balance_sheet,
Non Current Deferred Taxes Liabilities,5549000000.0,5301000000.0,5114000000.0,5332000000.0,balance_sheet,
Long Term Debt And Capital Lease Obligation,19602000000.0,20836000000.0,20463000000.0,20200000000.0,balance_sheet,
Long Term Debt,19602000000.0,20836000000.0,20463000000.0,20200000000.0,balance_sheet,
Current Liabilities,35048000000.0,26517000000.0,23098000000.0,20853000000.0,balance_sheet,
Other Current Liabilities,13994000000.0,12599000000.0,11182000000.0,8441000000.0,balance_sheet,
Current Debt And Capital Lease Obligation,5569000000.0,,,2250000000.0,balance_sheet,999000000.0
Current Debt,5569000000.0,,,2250000000.0,balance_sheet,999000000.0
Other Current Borrowings,5569000000.0,,,2250000000.0,balance_sheet,999000000.0
Pensionand Other Post Retirement Benefit Plans Current,1863000000.0,1538000000.0,1506000000.0,1359000000.0,balance_sheet,
Payables And Accrued Expenses,13622000000.0,12380000000.0,10410000000.0,8803000000.0,balance_sheet,
Current Accrued Expenses,8499000000.0,6636000000.0,6766000000.0,5182000000.0,balance_sheet,
Payables,5123000000.0,5744000000.0,3644000000.0,3621000000.0,balance_sheet,
Other Payable,4568000000.0,5265000000.0,3269000000.0,3281000000.0,balance_sheet,
Accounts Payable,555000000.0,479000000.0,375000000.0,340000000.0,balance_sheet,
Total Assets,99627000000.0,94511000000.0,90499000000.0,85501000000.0,balance_sheet,
Total Non Current Assets,61861000000.0,60478000000.0,56967000000.0,55296000000.0,balance_sheet,
Other Non Current Assets,9101000000.0,8279000000.0,7520000000.0,7085000000.0,balance_sheet,
Investments And Advances,999000000.0,2545000000.0,1921000000.0,2136000000.0,balance_sheet,
Investmentin Financial Assets,999000000.0,2545000000.0,1921000000.0,2136000000.0,balance_sheet,
Goodwill And Other Intangible Assets,47525000000.0,45830000000.0,44101000000.0,42852000000.0,balance_sheet,
Other Intangible Assets,27646000000.0,26889000000.0,26104000000.0,25065000000.0,balance_sheet,
Goodwill,19879000000.0,18941000000.0,17997000000.0,17787000000.0,balance_sheet,
Net PPE,4236000000.0,3824000000.0,3425000000.0,3223000000.0,balance_sheet,
Accumulated Depreciation,-5870000000.0,-5473000000.0,-5355000000.0,-5658000000.0,balance_sheet,
Gross PPE,10106000000.0,9297000000.0,8780000000.0,8881000000.0,balance_sheet,
Construction In Progress,191000000.0,222000000.0,344000000.0,285000000.0,balance_sheet,
Machinery Furniture Equipment,8839000000.0,7961000000.0,7343000000.0,7521000000.0,balance_sheet,
Buildings And Improvements,1004000000.0,1042000000.0,1022000000.0,1003000000.0,balance_sheet,
Land And Improvements,72000000.0,72000000.0,71000000.0,72000000.0,balance_sheet,
Properties,0.0,0.0,0.0,0.0,balance_sheet,
Current Assets,37766000000.0,34033000000.0,33532000000.0,30205000000.0,balance_sheet,
Other Current Assets,4837000000.0,5230000000.0,4161000000.0,3940000000.0,balance_sheet,
Restricted Cash,6615000000.0,6613000000.0,4769000000.0,3791000000.0,balance_sheet,
Prepaid Assets,,,,2668000000.0,balance_sheet,856000000.0
Receivables,7317000000.0,7015000000.0,4474000000.0,3952000000.0,balance_sheet,
Other Receivables,4191000000.0,4454000000.0,2183000000.0,1932000000.0,balance_sheet,
Accounts Receivable,3126000000.0,2561000000.0,2291000000.0,2020000000.0,balance_sheet,
Cash Cash Equivalents And Short Term Investments,18997000000.0,15175000000.0,20128000000.0,18522000000.0,balance_sheet,
Other Short Term Investments,1833000000.0,3200000000.0,3842000000.0,2833000000.0,balance_sheet,
Cash And Cash Equivalents,17164000000.0,11975000000.0,16286000000.0,15689000000.0,balance_sheet,
Free Cash Flow,21577000000.0,18693000000.0,19696000000.0,17879000000.0,cashflow,
Repurchase Of Capital Stock,-18316000000.0,-16713000000.0,-12101000000.0,-11589000000.0,cashflow,
Repayment Of Debt,0.0,0.0,-2250000000.0,-1000000000.0,cashflow,
Issuance Of Debt,3924000000.0,0.0,0.0,3218000000.0,cashflow,
Capital Expenditure,-1482000000.0,-1257000000.0,-1059000000.0,-970000000.0,cashflow,
Interest Paid Supplemental Data,587000000.0,583000000.0,617000000.0,607000000.0,cashflow,
Income Tax Paid Supplemental Data,4541000000.0,5775000000.0,3433000000.0,3741000000.0,cashflow,
End Cash Position,24987000000.0,19763000000.0,21990000000.0,20377000000.0,cashflow,
Beginning Cash Position,19763000000.0,21990000000.0,20377000000.0,19799000000.0,cashflow,
Effect Of Exchange Rate Changes,420000000.0,382000000.0,636000000.0,-1287000000.0,cashflow,
Changes In Cash,4804000000.0,-2609000000.0,977000000.0,1865000000.0,cashflow,
Financing Cash Flow,-18963000000.0,-20633000000.0,-17772000000.0,-12696000000.0,cashflow,
Cash Flow From Continuing Financing Activities,-18963000000.0,-20633000000.0,-17772000000.0,-12696000000.0,cashflow,
Net Other Financing Charges,-333000000.0,-38000000.0,70000000.0,-318000000.0,cashflow,
Proceeds From Stock Option Exercised,396000000.0,335000000.0,260000000.0,196000000.0,cashflow,
Cash Dividends Paid,-4634000000.0,-4217000000.0,-3751000000.0,-3203000000.0,cashflow,
Common Stock Dividend Paid,,,-3751000000.0,-3203000000.0,cashflow,-2798000000.0
Net Common Stock Issuance,-18316000000.0,-16713000000.0,-12101000000.0,-11589000000.0,cashflow,
Common Stock Payments,-18316000000.0,-16713000000.0,-12101000000.0,-11589000000.0,cashflow,
Net Issuance Payments Of Debt,3924000000.0,0.0,-2250000000.0,2218000000.0,cashflow,
Net Long Term Debt Issuance,3924000000.0,0.0,-2250000000.0,2218000000.0,cashflow,
Long Term Debt Payments,0.0,0.0,-2250000000.0,-1000000000.0,cashflow,
Long Term Debt Issuance,3924000000.0,0.0,0.0,3218000000.0,cashflow,
Investing Cash Flow,708000000.0,-1926000000.0,-2006000000.0,-4288000000.0,cashflow,
Cash Flow From Continuing Investing Activities,708000000.0,-1926000000.0,-2006000000.0,-4288000000.0,cashflow,
Net Other Investing Changes,121000000.0,-93000000.0,-25000000.0,128000000.0,cashflow,
Net Investment Purchase And Sale,2956000000.0,339000000.0,-922000000.0,-1498000000.0,cashflow,
Sale Of Investment,3024000000.0,5013000000.0,3562000000.0,4585000000.0,cashflow,
Purchase Of Investment,-68000000.0,-4674000000.0,-4484000000.0,-6083000000.0,cashflow,
Net Business Purchase And Sale,-887000000.0,-915000000.0,0.0,-1948000000.0,cashflow,
Purchase Of Business,-887000000.0,-915000000.0,0.0,-1948000000.0,cashflow,
Net PPE Purchase And Sale,-1482000000.0,-1257000000.0,-1059000000.0,-970000000.0,cashflow,
Purchase Of PPE,-1482000000.0,-1257000000.0,-1059000000.0,-970000000.0,cashflow,
Operating Cash Flow,23059000000.0,19950000000.0,20755000000.0,18849000000.0,cashflow,
Cash Flow From Continuing Operating Activities,23059000000.0,19950000000.0,20755000000.0,18849000000.0,cashflow,
Change In Working Capital,-15172000000.0,-15432000000.0,-10022000000.0,-7657000000.0,cashflow,
Change In Other Working Capital,-15314000000.0,-14067000000.0,-11014000000.0,-9351000000.0,cashflow,
Change In Other Current Assets,160000000.0,-199000000.0,-24000000.0,-666000000.0,cashflow,
Change In Payables And Accrued Expense,150000000.0,1246000000.0,1426000000.0,2854000000.0,cashflow,
Change In Accrued Expense,930000000.0,-704000000.0,1586000000.0,1531000000.0,cashflow,
Change In Payable,-780000000.0,1950000000.0,-160000000.0,1323000000.0,cashflow,
Change In Account Payable,67000000.0,109000000.0,34000000.0,67000000.0,cashflow,
Change In Receivables,-168000000.0,-2412000000.0,-410000000.0,-494000000.0,cashflow,
Changes In Account Receivables,-542000000.0,-237000000.0,-250000000.0,-97000000.0,cashflow,
Other Non Cash Items,15817000000.0,13761000000.0,12175000000.0,10158000000.0,cashflow,
Stock Based Compensation,897000000.0,850000000.0,765000000.0,602000000.0,cashflow,
Deferred Tax,152000000.0,-100000000.0,-483000000.0,-336000000.0,cashflow,
Deferred Income Tax,152000000.0,-100000000.0,-483000000.0,-336000000.0,cashflow,
Depreciation Amortization Depletion,1220000000.0,1034000000.0,943000000.0,861000000.0,cashflow,
Depreciation And Amortization,1220000000.0,1034000000.0,943000000.0,861000000.0,cashflow,
Amortization Cash Flow,,79000000.0,76000000.0,90000000.0,cashflow,
Amortization Of Intangibles,,79000000.0,76000000.0,90000000.0,cashflow,
Depreciation,,955000000.0,867000000.0,771000000.0,cashflow,
Operating Gains Losses,87000000.0,94000000.0,104000000.0,264000000.0,cashflow,
Earnings Losses From Equity Investments,87000000.0,94000000.0,104000000.0,264000000.0,cashflow,
Net Income From Continuing Operations,20058000000.0,19743000000.0,17273000000.0,14957000000.0,cashflow,
